AI&DS Y23 Course Structure,,,,,,,,,,,,
,,,,,,,,,,,,
Academic Year_2023-24::ODD SEM( I Year),,,,,,,,,,,,
,Sl. No.,Category,Course code,Course Name,Credits,CH,Registered,ESC,3,,,
,1,ESC,23EC1101,FUNDAMENTALS OF IOT AND SENSORS,5,7,402,BSC,1,,,
,2,ESC,23ME1103,DESIGN TOOL WORKSHOP,2,4,402,AUC,2,,,
,3,BSC,23MT1002,DISCRETE STRUCTURES,4,4,402,HAS,1,,,
,4,ESC,23SC1101,COMPUTATIONAL THINKING FOR STRUCTURED DESIGN,5,9,402,,,,,
,5,AUC,23UC0017,INDIAN KNOWLEDGE SYSTEMS - VEDIC MATHEMATICS,0,2,402,,,,,
,6,AUC,23UC0018,FUNDAMENTALS OF MATHEMATICS,0,3,42,,,,,
,7,HAS,23UC1101,INTEGRATED PROFESSIONAL ENGLISH,2,4,402,,,,,
,Total,,,,18,33,,,,,,
,,,,,,,,,,,,
Academic Year_2023-24::EVEN SEM( I Year),,,,,,,,,,,,
,Sl. No.,Category,Course code,Course Name,Credits,CH,Registered,SIL,1,,,
,1,SIL,22UC0021,SOCIAL IMMERSIVE LEARNING,1,4,402,ESC,7,,,
,2,ESC,23CS1207,OBJECT ORIENTED PROGRAMMING,4,8,395,BSC,2,,ESC,13
,3,ESC,23EC1101,FUNDAMENTALS OF IOT AND SENSORS,5,7,7,HAS,3,,BSC,5
,4,ESC,23EC1202,DIGITAL DESIGN AND COMPUTER ARCHITECTURE,4,5,404,VAS,1,,AUC,2
,5,ESC,23EC1203,BASIC ELECTRICAL AND ELECTRONIC CIRCUITS,2,2,404,OEC,1,,HAS,4
,6,ESC,23ME1103,DESIGN TOOL WORKSHOP,2,4,3,,,,SIL,1
,7,BSC,23MT1001,LINEAR ALGEBRA & CALCULUS FOR ENGINEERS,4,4,404,,,,VAS,1
,8,BSC,23MT1002,DISCRETE STRUCTURES,4,4,6,,,,OEC,1
,9,ESC,23SC1101,COMPUTATIONAL THINKING FOR STRUCTURED DESIGN,5,9,8,,,,HFC,1
,10,ESC,23SC1202,DATA STRUCTURES,4,0,395,,,,PRI,1
,11,HAS,23UC1101,INTEGRATED PROFESSIONAL ENGLISH,2,4,2,,,,SDC,3
,12,HAS,23UC1202,ENGLISH PROFICIENCY,2,4,404,,,,,
,13,VAC,23UC1202L,LINGUA SKILLS CERTIFICATION,0,#N/A,??,,,,,
,14,HAS,23UC1203,DESIGN THINKING AND INNOVATION,2,4,404,,,,,
,15,OEC,OEGN0001,NATIONAL CADET CORPS - 1,3,5,6,,,,,
,Total,,,,44,64,,,,,,
,,,,,,,,,,,,
Academic Year_2023-24::SUMMER TERM( I Year),,,,,,,,,,,,
,Sl. No.,Category,Course code,Course Name,Credits,CH,Registered,ESC,3,,,
,1,ESC,23CS1207,OBJECT ORIENTED PROGRAMMING,4,8,6,HFC,1,,,
,2,HFC,23EC2106R,PROCESSORS AND CONTROLLERS,4,5,94,PRI,1,,,
,3,PRI,23IE2040,SOCIAL INTERNSHIP,0,#N/A,364,BSC,2,,,
,4,BSC,23MT1001,LINEAR ALGEBRA & CALCULUS FOR ENGINEERS,4,4,2,HAS,2,,,
,5,ESC,23SC1202,DATA STRUCTURES,4,0,9,SDC,3,,,
,6,ESC,23SC1203O,COMPUTATIONAL THINKING FOR OBJECT ORIENTED DESIGN,4,0,52,,,,,
,7,BSC,23SC3201,DATA SCIENCE & STATISTICS,4,4,5,,,,,
,8,SDC,23SDEC01A,ELECTRONIC SYSTEM DESIGN,4,10,13,,,,,
,9,SDC,23SDEC01E,ELECTRONIC SYSTEM DESIGN,4,10,1,,,,,
,10,SDC,23SDIN01A,"IOT HARDWARE PROGRAMMING	",4,10,9,,,,,
,11,SDC,23SDIN01E,"IOT HARDWARE PROGRAMMING	",4,10,3,,,,,
,12,SDC,23SDIN01R,"IOT HARDWARE PROGRAMMING	",2,6,2,,,,,
,13,SDC,23SDME01A,VISUALIZATION & MODELLING FOR ENGINEERING DESIGN,4,10,16,,,,,
,14,SDC,23SDME01E,VISUALIZATION & MODELLING FOR ENGINEERING DESIGN,4,10,4,,,,,
,15,AUC,23UC0018,FUNDAMENTALS OF MATHEMATICS,0,3,1,,,,,
,16,HAS,23UC1101,INTEGRATED PROFESSIONAL ENGLISH,2,4,5,,,,,
,17,HAS,23UC1202,ENGLISH PROFICIENCY,2,4,1,,,,,
,Total,,,,,98,,,,,,
,,,,,,,,,,,,
Academic Year_2024-25::ODD SEM( II Year),,,,,,,,,,,,
,Sl. No.,Category,Course code,Course Name,Credits,CH,Registered,,,,,
,1,SIL,22UC0022,SOCIAL IMMERSIVE LEARNING - II,1,4,404,SIL,1,,,
,2,PCC,23AD2001A,ARTIFICIAL INTELLIGENCE & MACHINE LEARNING,7,12,264,PCC,2,,,
,3,#N/A,23AD2001L,ARTIFICIAL INTELLIGENCE & MACHINE LEARNING,5,#N/A,53,VAC,2,,,
,4,PCC,23AD2001R,ARTIFICIAL INTELLIGENCE & MACHINE LEARNING,5,9,140,HEF,2,,,
,5,PCC,23AD2103A,SYSTEM DESIGN AND INTRODUCTION TO CLOUD,6,8,156,HIF,1,,,
,6,PCC,23AD2103R,SYSTEM DESIGN AND INTRODUCTION TO CLOUD,4,',101,HFC,1,,,
,7,VAC,23CC3010,AWS CERTIFIED CLOUD PRACTITIONER-CLF-C02,0,0,,HAS,3,,,
,8,VAC,23CC3060,PCAP - CERTIFIED ASSOCIATE PYTHON PROGRAMMER,0,0,,HRC,1,,,
,9,HEF,23CS05EF,"PYTHON FULL STACK DEVELOPMENT WITH DJANGO	",4,#N/A,37,PRI,1,,,
,10,HEF,23CS06EF,MERN STACK WEB DEVELOPMENT,4,#N/A,12,BSC,2,,,
,11,HIF,23DT01IF,ENTREPRENEURIAL TECHNOLOGY DEVELOPMENT AND PROTOTYPING,4,10,27,ESC,1,,,
,12,HFC,23EC2106R,PROCESSORS AND CONTROLLERS,4,5,7,SDC,1,,,
,13,HAS,23FL3054,FRENCH LANGUAGE,3,3,3,SCC,11,,,
,14,HAS,23FL3055,GERMAN LANGUAGE,3,3,1,AUC,1,,,
,15,HRC,23IE02RF,RESEARCH METHODOLOGY ETHICS AND SCIENTIFIC WRITING,3,#N/A,57,CRT,1,,,
,16,PRI,23IE2040,SOCIAL INTERNSHIP,0,#N/A,32,,,,,
,17,#N/A,23LE1001,COMPUTATIONAL THINKING FOR STRUCTURED DESIGN,0,#N/A,53,,,,,
,18,#N/A,23LE1002,ENGLISH PROFICIENCY,0,#N/A,53,,,,,
,19,#N/A,23LE1003,LINEAR ALGEBRA AND CALCULUS FOR ENGINEERS,0,#N/A,53,,,,,
,20,HAS,23MB4068,INNOVATION MANAGEMENT,4,4,27,,,,,
,21,BSC,23MT2013,RELATIONAL ALGEBRA AND INFORMATION THEORY,4,4,404,,,,,
,22,#N/A,23MT2013L,RELATIONAL ALGEBRA AND INFORMATION THEORY,4,#N/A,53,,,,,
,23,ESC,23SC1203O,COMPUTATIONAL THINKING FOR OBJECT ORIENTED DESIGN,4,0,350,,,,,
,24,#N/A,23SC1203OL,COMPUTATIONAL THINKING FOR OBJECT ORIENTED DESIGN,4,#N/A,53,,,,,
,25,BSC,23SC3201,DATA SCIENCE & STATISTICS,4,4,398,,,,,
,26,#N/A,23SC3201L,DATA SCIENCE & STATISTICS,4,#N/A,53,,,,,
,27,SDC,23SDAD01A,DATA ANALYTICS AND VISUALIZATION,4,10,245,,,,,
,28,SDC,23SDAD01E,DATA ANALYTICS AND VISUALIZATION,4,10,36,,,,,
,29,#N/A,23SDAD01L,DATA ANALYTICS AND VISUALISATION,2,#N/A,53,,,,,
,30,SDC,23SDAD01R,DATA ANALYTICS AND VISUALIZATION,2,6,122,,,,,
,31,SCC,23SP2101,ATHLETICS,0,2,8,,,,,
,32,SCC,23SP2102,BASKETBALL,0,2,18,,,,,
,33,SCC,23SP2103,BADMINTON,0,2,23,,,,,
,34,SCC,23SP2104,CRICKET,0,2,23,,,,,
,35,SCC,23SP2105,CHESS,0,2,15,,,,,
,36,SCC,23SP2109,KHO-KHO,0,2,13,,,,,
,37,SCC,23SP2110,TENNIS,0,2,21,,,,,
,38,SCC,23SP2111,TABLE TENNIS,0,2,15,,,,,
,39,SCC,23SP2113,THROW BALL,0,2,12,,,,,
,40,SCC,23SP2114,VOLLEYBALL,0,2,20,,,,,
,41,SCC,23SP2116,YOGA,0,2,65,,,,,
,42,AUC,23UC0013,GLOBAL LOGIC BUILDING CONTEST PRACTICUM,0,2,454,,,,,
,43,CRT,CRTCODL1V1,CAMPUS RECRUITMENT: LOGIC BUILDING SKILLS TRAINING ,0,8,203,,,,,
,Total,,,,93,124,,,,,,
,,,,,,,,,,,,
Academic Year_2024-25::EVEN SEM( II Year),,,,,,,,,,,,
,Sl. No.,Category,Course code,Course Name,Credits,CH,Registered,SIL,1,,,
,1,SIL,22UC0023,SOCIAL IMMERSIVE LEARNING,1,4,454,PCC,3,,,
,2,PCC,23AD2103R,SYSTEM DESIGN AND INTRODUCTION TO CLOUD,4,',197,VAC,3,,,
,3,PCC,23AD2204A,DATA MANAGEMENT AND WAREHOUSING,6,8,286,HFC,2,,,
,4,PCC,23AD2204R,DATA MANAGEMENT AND WAREHOUSING,4,0,167,PCC,1,,,
,5,PCC,23AD2205A,DEEP LEARNING,7,12,223,HAS,2,,,
,6,PCC,23AD2205R,DEEP LEARNING,5,0,220,PRI,1,,,
,7,VAC,23CC3010,AWS CERTIFIED CLOUD PRACTITIONER-CLF-C02,0,0,,BSC,1,,,
,8,VAC,23CC3060,PCAP - CERTIFIED ASSOCIATE PYTHON PROGRAMMER,0,0,,OEC,1,,,
,9,VAC,23CC3141,GITHUB FOUNDATIONS CERTIFICATION,0,#N/A,,SDC,1,,,
,10,HFC,23CS02HF,EMBEDDED SYSTEMS DESIGN,4,#N/A,7,SCC,12,,,
,11,HFC,23CS03HF,ADVANCED ALGORITHMS AND DATA STRUCTURES,4,#N/A,55,AUC,1,,,
,12,PCC,23CS2205O,DESIGN AND ANALYSIS OF ALGORITHMS,4,0,453,CRT,1,,,
,13,HAS,23FL3055,GERMAN LANGUAGE,3,3,9,,,,,
,14,HAS,23FL3058,JAPANESE LANGUAGE,3,3,16,,,,,
,15,PRI,23IE2040,SOCIAL INTERNSHIP,0,#N/A,26,,,,,
,16,BSC,23MT2004,MATHEMATICAL PROGRAMMING,4,4,454,,,,,
,17,OEC,23OEGN02,NATIONAL CADET CORPS (NCC)-2,4,5,9,,,,,
,18,SDC,23SDCS12A,FULL STACK APPLICATION DEVELOPMENT,4,10,260,,,,,
,19,SDC,23SDCS12E,FULL STACK APPLICATION DEVELOPMENT,4,10,65,,,,,
,20,SDC,23SDCS12R,FULL STACK APPLICATION DEVELOPMENT,2,6,129,,,,,
,21,SCC,23SP2101,ATHLETICS,0,2,3,,,,,
,22,SCC,23SP2102,BASKETBALL,0,2,13,,,,,
,23,SCC,23SP2103,BADMINTON,0,2,32,,,,,
,24,SCC,23SP2104,CRICKET,0,2,22,,,,,
,25,SCC,23SP2105,CHESS,0,2,33,,,,,
,26,SCC,23SP2108,KABADDI,0,2,13,,,,,
,27,SCC,23SP2109,KHO-KHO,0,2,1,,,,,
,28,SCC,23SP2110,TENNIS,0,2,20,,,,,
,29,SCC,23SP2111,TABLE TENNIS,0,2,27,,,,,
,30,SCC,23SP2113,THROW BALL,0,2,15,,,,,
,31,SCC,23SP2114,VOLLEYBALL,0,2,14,,,,,
,32,SCC,23SP2116,YOGA,0,2,29,,,,,
,33,AUC,23UC0014,GLOBAL LOGIC BUILDING CONTEST PRACTICUM,0,2,453,,,,,
,34,CRT,CRTCODL2V2,CAMPUS RECRUITMENT: CODING SKILLS TRAINING - DATA STRUCTURES ,0,8,194,,,,,
,Total,,,,63,99,,,,,,
,,,,,,,,,,,,
Academic Year_2024-25::SUMMER TERM( II Year),,,,,,,,,,,,
,Sl. No.,Category,Course code,Course Name,Credits,CH,Registered,,,,,
,1,PCC,23AD2103R,SYSTEM DESIGN AND INTRODUCTION TO CLOUD,4,',1,PCC,3,,,
,2,PCC,23AD3106R,BIG DATA ENGINEERING,4,5,115,FCC,1,,,
,3,FCC,23CI2001F,ADAPTIVE SOFTWARE ENGINEERING,4,#N/A,65,HFC,1,,,
,4,HFC,23CS03HF,ADVANCED ALGORITHMS AND DATA STRUCTURES,4,#N/A,1,ESC,1,,,
,5,ESC,23CS1207,OBJECT ORIENTED PROGRAMMING,4,8,2,FCC,5,,,
,6,PCC,23CS2205O,DESIGN AND ANALYSIS OF ALGORITHMS,4,0,2,ESC,3,,,
,7,FCC,23CS2224F,CRYPT ANALYSIS AND CYBER DEFENCE,3,#N/A,8,HRC,1,,,
,8,FCC,23CS2237F,QUANTUM COMPUTING,3,#N/A,9,PRI,1,,,
,9,FCC,23CS2239F,SOFTWARE VERIFICATION AND VALIDATION,3,#N/A,13,BSC,4,,,
,10,ESC,23EC1202,DIGITAL DESIGN AND COMPUTER ARCHITECTURE,4,5,1,SDC,3,,,
,11,FCC,23EC2223F,FUNDAMENTALS OF ROBOTICS ,3,4,3,SCC,1,,,
,12,FCC,23EE2230F,ESSENTIALS OF AUTONOMOUS SYSTEMS,3,4,2,AUC,1,,,
,13,HRC,23IE01RF,INDEPENDENT STUDY & RESEARCH,3,#N/A,21,HAS,2,,,
,14,PRI,23IE3041,TECHNICAL INTERNSHIP,0,#N/A,454,CRT,1,,,
,15,ESC,23ME1103,DESIGN TOOL WORKSHOP,2,4,4,,,,,
,16,BSC,23MT1002,DISCRETE STRUCTURES,4,4,1,,,,,
,17,BSC,23MT2004,MATHEMATICAL PROGRAMMING,4,4,1,,,,,
,18,BSC,23MT2013,RELATIONAL ALGEBRA AND INFORMATION THEORY,4,4,3,,,,,
,19,ESC,23SC1203O,COMPUTATIONAL THINKING FOR OBJECT ORIENTED DESIGN,4,0,2,,,,,
,20,BSC,23SC3201,DATA SCIENCE & STATISTICS,4,4,4,,,,,
,21,SDC,23SDAD01R,DATA ANALYTICS AND VISUALIZATION,2,6,2,,,,,
,22,SDC,23SDCS12R,FULL STACK APPLICATION DEVELOPMENT,2,6,1,,,,,
,23,SDC,23SDME01R,VISUALIZATION & MODELLING FOR ENGINEERING DESIGN,2,6,1,,,,,
,24,SCC,23SP2116,YOGA,0,2,8,,,,,
,25,AUC,23UC0017,INDIAN KNOWLEDGE SYSTEMS - VEDIC MATHEMATICS,0,2,2,,,,,
,26,HAS,23UC1202,ENGLISH PROFICIENCY,2,4,1,,,,,
,27,HAS,23UC1203,DESIGN THINKING AND INNOVATION,2,4,2,,,,,
,28,CRT,CRTCODL1V1,CAMPUS RECRUITMENT: LOGIC BUILDING SKILLS TRAINING ,0,8,113,,,,,
,Total,,,,77,84,,,,,,
,,,,,,,,,,,,
Academic Year_2025-26::ODD SEM( III Year),,,,,,,,,,,,
,Sl. No.,Category,Course code,Course Name,Credits,CH,Registered,,,,,
,1,PEC,23ACI3101A,GENERATIVE ADVERSARIAL NETWORKS,7,12,45,,,,,
,2,PEC,23ACI3101R,GENERATIVE ADVERSARIAL NETWORKS,5,9,12,,,,,
,3,PCC,23AD3106A,BIG DATA ENGINEERING,6,0,189,,,,,
,4,PCC,23AD3106R,BIG DATA ENGINEERING,4,5,145,,,,,
,5,PCC,23AD3207A,NATURAL LANGUAGE PROCESSING,6,8,203,,,,,
,6,PCC,23AD3207R,NATURAL LANGUAGE PROCESSING,4,0,136,,,,,
,7,PEC,23ADE3101A,EDGE COMPUTING FUNDAMENTALS,7,12,15,,,,,
,8,PEC,23ALT3101A,APPLIED MACHINE LEARNING FOR TEXT ANALYSIS,7,12,78,,,,,
,9,PEC,23ALT3101R,APPLIED MACHINE LEARNING FOR TEXT ANALYSIS,5,#N/A,19,,,,,
,10,PEC,23BEW3101A,"INTRODUCTION TO BLOCKCHAIN TECHNOLOGY, CRYPTOCURRENCIES AND TOKENS",7,12,6,,,,,
,11,SMFC,23BT1101,CELL BIOLOGY,3,3,1,,,,,
,12,SMFC,23BT3214,BIOINFORMATICS,3,4,1,,,,,
,13,VAC,23CC3011,AWS CERTIFIED DEVELOPER ASSOCIATE-DVA-C02,0,#N/A,,,,,,
,14,VAC,23CC3012,AWS CERTIFIED DEVOPS ENGINEER - PROFESSIONAL SOFTWARE DEVELOPMENT AND DEVOPS,0,#N/A,,,,,,
,15,VAC,23CC3013,AWS CERTIFIED MACHINE LEARNING - SPECIALTY-MLS-C01,0,#N/A,,,,,,
,16,VAC,23CC3014,AWS CERTIFIED SOLUTIONS ARCHITECT-SAA-C03,0,#N/A,,,,,,
,17,VAC,23CC3040,JUNIPER NETWORKS CERTIFIED ASSOCIATE - JUNOS-JN0-105,0,#N/A,,,,,,
,18,VAC,23CC3047,MICROSOFT CERTIFIED AZURE AI ENGINEER ASSOCIATE,0,#N/A,,,,,,
,19,VAC,23CC3060,PCAP - CERTIFIED ASSOCIATE PYTHON PROGRAMMER,0,0,,,,,,
,20,VAC,23CC3091,UNITY CERTIFIED ASSOCIATE: GAME DEVELOPER,0,#N/A,,,,,,
,21,VAC,23CC3104,GOOGLE CLOUD CERTIFIED PROFESSIONAL DATA ENGINEER,0,#N/A,,,,,,
,22,VAC,23CC3185,AWS CERTIFIED DATA ENGINEER-ASSOCIATE,0,#N/A,,,,,,
,23,VAC,23CC3201,GOOGLE PROFESSIONAL ML ENGINEER,0,#N/A,,,,,,
,24,PEC,23CEC3101A,CLOUD INFRASTRUCTURE AND SERVICES,7,12,47,,,,,
,25,PEC,23CEC3101R,CLOUD INFRASTRUCTURE AND SERVICES,5,0,15,,,,,
,26,FCC,23CI2001F,ADAPTIVE SOFTWARE ENGINEERING,3,#N/A,65,,,,,
,27,PEC,23CID3101A,CLOUD INFRASTRUCTURE ENGINEERING,7,12,4,,,,,
,28,PEC,23CID3101R,CLOUD INFRASTRUCTURE ENGINEERING,5,0,1,,,,,
,29,PEC,23CNE3101A,FOUNDATIONS OF CLOUD NATIVE COMPUTING,7,12,8,,,,,
,30,HFC,23CS03HF,ADVANCED ALGORITHMS AND DATA STRUCTURES,4,#N/A,95,,,,,
,31,HEF,23CS06EF,MERN STACK WEB DEVELOPMENT,4,#N/A,2,,,,,
,32,FCC,23CS2224F,CRYPT ANALYSIS AND CYBER DEFENCE,3,#N/A,73,,,,,
,33,FCC,23CS2237F,QUANTUM COMPUTING,3,#N/A,96,,,,,
,34,FCC,23CS2239F,SOFTWARE VERIFICATION AND VALIDATION,3,#N/A,90,,,,,
,35,PEC,23CSB3101A,CRYPT ANALYSIS AND CYBER DEFENCE,7,12,26,,,,,
,36,PEC,23CSB3101R,CRYPT ANALYSIS AND CYBER DEFENCE,5,0,34,,,,,
,37,PEC,23DEA3101A,FUNDAMENTALS OF DATA ENGINEERING,7,#N/A,41,,,,,
,38,PEC,23DEA3101R,FUNDAMENTALS OF DATA ENGINEERING,5,9,16,,,,,
,39,PEC,23DLA3101A,SYSTEM AND NETWORK TRAFFIC SECURITY ANALYTICS,7,12,12,,,,,
,40,PEC,23DLA3101R,SYSTEM AND NETWORK TRAFFIC SECURITY ANALYTICS,5,9,2,,,,,
,41,HIC,23DT03IF,CUSTOMER VALIDATION FOR STARTUPS,4,10,14,,,,,
,42,FCC,23EE2230F,ESSENTIALS OF AUTONOMOUS SYSTEMS,3,4,19,,,,,
,43,PEC,23GDU3101A,PROGRAMMING FOR GAME DEVELOPMENT,7,12,6,,,,,
,44,PEC,23GDU3101R,PROGRAMMING FOR GAME DEVELOPMENT,5,0,5,,,,,
,45,HRC,23IE03RF,RESEARCH SEMINAR,3,#N/A,24,,,,,
,46,SDC,23SDAD10A,COMPUTER VISION USING OPENCV,4,10,319,,,,,
,47,SDC,23SDAD10R,COMPUTER VISION USING OPENCV,2,6,129,,,,,
,48,SDC,23SDBT01A,MEDICAL LAB TECHNOLOGY,4,10,1,,,,,
,49,PEC,23SDM3101A,SENTIMENT ANALYSIS,7,12,14,,,,,
,50,PEC,23SDM3101R,SENTIMENT ANALYSIS,5,9,9,,,,,
,51,PEC,23SMD3101A,SOFTWARE VERIFICATION AND VALIDATION,7,12,21,,,,,
,52,PEC,23SMD3101R,SOFTWARE VERIFICATION AND VALIDATION,5,9,10,,,,,
,53,AUC,23UC0032,GLOBAL LOGIC BUILDING CONTEST PRACTICUM,0,#N/A,49,,,,,
,54,CRT,CRTCODL1V2,CAMPUS RECRUITMENT: LOGIC BUILDING SKILLS TRAINING ,0,#N/A,365,,,,,
,55,CRT,CRTVQRL1V2,CAMPUS RECRUITMENT: VERBAL APTITUDE TRAINING,0,#N/A,367,,,,,
,Total,,,,55,249,,,,,,
,,,,,,,,,,,,
Academic Year_2025-26::EVEN SEM( III Year),,,,,,,,,,,,
,Sl. No.,Category,Course code,Course Name,Credits,CH,Registered,,,,,
,1,PCC,23AD4108,ETHICS FOR ARTIFICIAL INTELLIGENCE,1,,,,,,,
,2,VAC,23CC3080,SALESFORCE CERTIFIED ADMINISTRATOR,0,,,,,,,
,3,HFC,23CS04HF,HIGH PERFORMANCE COMPUTING,4,,,,,,,
,4,PE2,23CSB3202A,NETWORK AND INFRASTRUCTURE SECURITY,5,,,,,,,
,5,PEC,23CSB3304A,DIGITAL FORENSICS  ,7,,,,,,,
,6,SDC,23SDCS05A,CLOUD BASED SECURITY SPECIALITY,4,,,,,,,
,7,AUC,23UC0032,GLOBAL LOGIC BUILDING CONTEST PRACTICUM,,,,,,,,
,8,OEC,OEME0003,OPERATIONS RESEARCH,4,,,,,,,
,9,VAC,23CC3184,WIPRO TALENTNEXT DOTNET FULL STACK,0,,,,,,,
,10,PEC,23CEC3202A,ADVANCED OPERATING SYSTEMS,5,,,,,,,
,11,PEC,23CEC3305A,CLOUD AND SERVERLESS COMPUTING  ,7,,,,,,,
,12,HAS,23FL3058,JAPANESE LANGUAGE,3,,,,,,,
,13,SDC,23SDCS04A,CLOUD BASED SOLUTIONS ARCHITECT,4,,,,,,,
,14,PEC,23ALT3202R,DEEP LEARNING FOR NATURAL LANGUAGE PROCESSING,3,,,,,,,
,15,PEC,23ALT3303R,CONVERSATIONAL AI AND CHATBOT DEVELOPMENT,5,,,,,,,
,16,VAC,23CC3212, WTN DATA SCIENCE WITH PYTHON ,,,,,,,,
,17,HFC,23CS02HF,EMBEDDED SYSTEMS DESIGN,4,,,,,,,
,18,SDC,23SDCS18R,TEXT ANALYTICS,2,,,,,,,
,19,PEC,23CEC3202R,ADVANCED OPERATING SYSTEMS,3,,,,,,,
,20,PEC,23CEC3305R,CLOUD 6 SERVERLESS COMPUTING,5,,,,,,,
,21,SDC,23SDCS04R,CLOUD BASED SOLUTIONS ARCHITECT,2,,,,,,,
,22,PEC,23ACI3202R,EXPLAINABLE AI AND COMMUNICATIONS,3,,,,,,,
,23,PEC,23ACI3303R,FUZZY LOGIC WITH SET THEORY,5,,,,,,,
,24,PCC,23AD3207A,NATURAL LANGUAGE PROCESSING,6,,,,,,,
,25,VAC,23CC3226,WIPRO TALENTNEXT JAVA FULL STACK CERTIFICATION,,,,,,,,
,26,SDC,23SDCS17R,GENERATIVE ADVERSARIAL NETWORKS FOR IMAGES,2,,,,,,,
,27,HAS,23MB0001,BASICS OF MARKETING FOR ENGINEERS,4,,,,,,,
,28,VAC,23CC3140,SALESFORCE CERTIFIED AGENTFORCE SPECIALIST,,,,,,,,
,29,OEC,OEEC0003,DATA SCIENCE : DL AND NN,4,,,,,,,
,30,VAC,23CC3083,SERVICENOW CERTIFIED SYSTEM ADMINISTRATOR,,,,,,,,
,31,PEC,23DEA3202R,DATA EXPLORATION AND PREPARATION,3,,,,,,,
,32,PEC,23DEA3303R,BIG DATA TECHNOLOGIES,5,,,,,,,
,33,SDC,23SDAD11R,AI-DRIVEN DATA ENGINEERING,2,,,,,,,
,34,HAS,23FL3064,KOREAN LANGUAGE,3,,,,,,,
,35,PEC,23ADE3202A,AI AT THE EDGE,5,,,,,,,
,36,PEC,23ADE3303A,EDGE AI ARCHITECTURES AND APPLICATIONS,7,,,,,,,
,37,SDC,23SDCS20A,SMART IOT AND SENSOR NETWORKS,4,,,,,,,
,38,OEC,OEBT0001,IPR AND PATENT LAWS,4,,,,,,,
,39,PEC,23CSB3202R,NETWORK AND INFRASTRUCTURE SECURITY,3,,,,,,,
,40,PEC,23CSB3304R,DIGITAL FORENSICS  ,5,,,,,,,
,41,SDC,23SDCS05R,CLOUD BASED SECURITY SPECIALITY,2,,,,,,,
,42,OEC,OEME0002,MECHATRONICS,4,,,,,,,
,43,PCC,23AD3207R,NATURAL LANGUAGE PROCESSING,4,,,,,,,
,44,,23GDU3202R,UX DESIGN,3,,,,,,,
,45,PEC,23GDU3303R,AR AND VR APPLICATION DEVELOPMENT ,5,,,,,,,
,46,SDC,23SDCS06R,CERTIFIED GAME DEVELOPER,2,,,,,,,
,47,PEC,23ACI3202A,EXPLAINABLE AI AND COMMUNICATIONS,5,,,,,,,
,48,PEC,23ALT3303A,CONVERSATIONAL AI AND CHATBOT DEVELOPMENT,7,,,,,,,
,49,BSC,23CY1001,ENGINEERING CHEMISTRY,4,,,,,,,
,50,SDC,23SDAD06R,ANALYSIS OF DIGITAL MARKETING,2,,,,,,,
,51,PEC,23SDM3202A,OPINION MINING AND RECOMMENDER SYSTEMS,5,,,,,,,
,52,PEC,23SDM3304A,SOCIAL MEDIA MARKETING ANALYTICS,7,,,,,,,
,53,PEC,23ALT3202A,DEEP LEARNING FOR NATURAL LANGUAGE PROCESSING,5,,,,,,,
,54,SDC,23SDCS18A,TEXT ANALYTICS,4,,,,,,,
,55,,CRTCODL2V3,CAMPUS RECRUITMENT: CODING SKILLS TRAINING - DATA STRUCTURES ,,,,,,,,
,56,,CRTVQRL2V3,CAMPUS RECRUITMENT: QUANTITATIVE APTITUDE TRAINING,,,,,,,,
,57,,23DEA3202A,DATA EXPLORATION AND PREPARATION,,,,,,,,
,58,PEC,23DEA3303A,BIG DATA TECHNOLOGIES,7,,,,,,,
,59,SDC,23SDAD11A,AI-DRIVEN DATA ENGINEERING,4,,,,,,,
,60,,21CC3140,SALESFORCE CERTIFIED AI ASSOCIATE,,,,,,,,
,61,,22PH1005,ENGINEERING PHYSICS,,,,,,,,
,62,PEC,23ACI3303A,FUZZY LOGIC WITH SET THEORY,7,,,,,,,
,63,SDC,23SDCS17A,GENERATIVE ADVERSARIAL NETWORKS FOR IMAGES,4,,,,,,,
,64,,OEEC0011,IMAGE PROCESSING,,,,,,,,
,65,PEC,23GDU3202A,UX DESIGN,5,,,,,,,
,66,PEC,23GDU3303A,AR AND VR APPLICATION DEVELOPMENT ,7,,,,,,,
,67,SDC,23SDCS06A,CERTIFIED GAME DEVELOPER,4,,,,,,,
,68,PEC,23DLA3304A,MULTI AGENT SYSTEMS,7,,,,,,,
,69,,23SDCI06A,PROFESSIONAL SCRUM MASTER,,,,,,,,
,70,PEC,23SMD3202A,DESIGN PATTERNS AND CLEAN CODING TECHNIQUES,5,,,,,,,
,71,PEC,23CID3202A,"ENTERPRISE CLOUD COMPUTING: TECHNOLOGY, ARCHITECTURE, APPLICATIONS",5,,,,,,,
,72,PEC,23CID3304A,CLOUD INFRASTRUCTURE ARCHITECTURE AND ENGINEERING,7,,,,,,,
,73,SDC,23SDCS16A,CLOUD INFRASTRUCTURE DESIGN,4,,,,,,,
,74,BSC,23CY1003,COMPUTATIONAL CHEMISTRY,4,,,,,,,
,75,,23IE04RF,TERM PAPER,,,,,,,,
,76,,23UC0035,GLOBAL LOGIC BUILDING CONTEST PRACTICUM,,,,,,,,
,77,HAS,23UC0026,"HUMAN VALUES, GENDER EQUALITY AND PROFESSIONAL ETHICS ",2,,,,,,,
,78,HFC,23CS03HF,ADVANCED ALGORITHMS AND DATA STRUCTURES,4,,,,,,,
,79,PEC,23SMD3303A,CONTINUOUS DELIVERY AND DEVOPS ,7,,,,,,,
,80,OEC,23OEGN03,NATIONAL CADET CORPS (NCC)-3,4,,,,,,,
,81,SDC,23SDAD06A,ANALYSIS OF DIGITAL MARKETING,4,,,,,,,
,82,,23CS06EF,MERN STACK WEB DEVELOPMENT,,,,,,,,
,83,PEC,23BEW3202A,SMART CONTRACTS,5,,,,,,,
,84,PEC,23BEW3303A,DECENTRALIZED APPLICATIONS  AND DECENTRALIZED WEB,7,,,,,,,
,85,SDC,23SDAD08A,EMERGING BLOCKCHAIN MODELS FOR DIGITAL CURRENCIES,4,,,,,,,
,86,HIC,23DT04IF,CUSTOMER CREATION AND MARKETING FOR ENTREPRENEURS,4,,,,,,,
,87,PEC,23DLA3202A,AUTOMATED NETWORK ANALYSIS,5,,,,,,,
,88,,23CS05EF,"PYTHON FULL STACK DEVELOPMENT WITH DJANGO	",,,,,,,,
,89,PEC,23DLA3202R,AUTOMATED NETWORK ANALYSIS,3,,,,,,,
,90,HAS,23MB0002,PARADIGMS IN MANAGEMENT THOUGHT,4,,,,,,,
,91,OEC,23OEGN02,NATIONAL CADET CORPS (NCC)-2,4,,,,,,,
,92,PEC,23CNE3202A,CLOUD NATIVE APPLICATION DEVELOPMENT,5,,,,,,,
,93,PEC,23CNE3304A,SOFTWARE ENGINEERING FOR CLOUD COMPUTING,7,,,,,,,
,94,SDC,23SDCS15A,SOFTWARE DESIGN WITH CLOUD NATIVE COMPUTING,4,,,,,,,
,95,,23MRBN01M,INTRODUCTION TO BUSINESS ANALYTICS,,,,,,,,
,96,,23SDCI06R,PROFESSIONAL SCRUM MASTER,,,,,,,,
,97,HAS,23FL3055,GERMAN LANGUAGE,3,,,,,,,
,98,,23BT2206,MOLECULAR BIOLOGY,,,,,,,,
,99,,23BT2239R,COMPUTATIONAL BIOLOGY,,,,,,,,
